{
  "cars": [
    {
      "carData": {
        "name": "Bmw z3",
        "price": 33000,
        "id": 1
      }
    },
    {
      "carData": {
        "name": "Audi q7",
        "price": 42000,
        "id": 2
      }
    },
    {
      "carData": {
        "name": "Toyota Supra",
        "price": 60000,
        "id": 3
      }
    },
    {
      "carData": {
        "name": "Porsche 911",
        "price": 80000,
        "id": 4
      }
    },
    {
      "carData": {
        "name": "Tesla roadster",
        "price": 250000,
        "id": 5
      }
    }
  ]
}
